{"0": [5.822075849491665, 8.76690791188141], "1": [81.2572741719449, 21.397943417134403], "2": [14.733036243983424, 8.278687877922312], "3": [13.799746711891304, 7.7843348416437355]}