{"0": [0.10109186917543411, 260.0580749511719], "1": [0.0, 961.638427734375], "2": [0.4544582664966583, 254.37493896484375], "3": [0.2679302990436554, 231.1725311279297]}