{
    "Relative error": [
        0.24956606328487396,
        0.12910839915275574,
        0.17110185325145721,
        0.167293518781662
    ],
    "SSIM": {
        "0": 0.8496333620400776,
        "1": 0.5726844694722788,
        "2": 0.6369313131390906,
        "3": 0.5783549747455373
    }
}