{
    "Relative error": [
        0.23899535834789276,
        0.1184215396642685,
        0.167461097240448,
        0.16531112790107727
    ],
    "SSIM": {
        "0": 0.8672870374926397,
        "1": 0.6446389607047376,
        "2": 0.6757670096724384,
        "3": 0.6419954131156819
    }
}