{
    "Hyperparamters": {
        "sample_size": [
            80,
            112
        ],
        "in_channels": 4,
        "out_channels": 4,
        "time_embedding_type": "positional",
        "flip_sin_to_cos": true,
        "down_block_types": [
            "DownBlock2D",
            "DownBlock2D",
            "CrossAttnDownBlock2D",
            "CrossAttnDownBlock2D"
        ],
        "up_block_types": [
            "CrossAttnUpBlock2D",
            "CrossAttnUpBlock2D",
            "UpBlock2D",
            "UpBlock2D"
        ],
        "block_out_channels": [
            32,
            64,
            128,
            256
        ],
        "act_fn": "silu",
        "cross_attention_dim": 256,
        "attention_head_dim": 4
    },
    "Relative error": {
        "0": [
            0.24200887978076935,
            0.1214350089430809,
            0.1787472814321518,
            0.17629699409008026
        ],
        "1": [
            0.23914213478565216,
            0.11944914609193802,
            0.17687569558620453,
            0.1743927001953125
        ],
        "2": [
            0.23814018070697784,
            0.1187610775232315,
            0.17632313072681427,
            0.17379668354988098
        ],
        "3": [
            0.23770038783550262,
            0.11842351406812668,
            0.1760043352842331,
            0.17353025078773499
        ],
        "4": [
            0.23739220201969147,
            0.11820583790540695,
            0.17581304907798767,
            0.17332778871059418
        ],
        "5": [
            0.23719768226146698,
            0.1180560514330864,
            0.17570091784000397,
            0.17323598265647888
        ],
        "6": [
            0.23704972863197327,
            0.1179550513625145,
            0.17560356855392456,
            0.17313164472579956
        ],
        "7": [
            0.23691050708293915,
            0.11788021773099899,
            0.1755458116531372,
            0.17306698858737946
        ],
        "8": [
            0.23683108389377594,
            0.11782165616750717,
            0.17550639808177948,
            0.1730157881975174
        ],
        "9": [
            0.23677322268486023,
            0.1177729144692421,
            0.17546747624874115,
            0.1729743927717209
        ],
        "10": [
            0.23671741783618927,
            0.11773105710744858,
            0.17544642090797424,
            0.17295503616333008
        ],
        "11": [
            0.23666541278362274,
            0.11769214272499084,
            0.17541848123073578,
            0.17292815446853638
        ],
        "12": [
            0.2366362363100052,
            0.11767466366291046,
            0.17539246380329132,
            0.1729045808315277
        ],
        "13": [
            0.23661144077777863,
            0.11765758693218231,
            0.17537999153137207,
            0.1728874146938324
        ],
        "14": [
            0.23657271265983582,
            0.11763811856508255,
            0.17536915838718414,
            0.1728825867176056
        ],
        "15": [
            0.2365642488002777,
            0.11762358993291855,
            0.17535214126110077,
            0.1728619933128357
        ],
        "16": [
            0.23655366897583008,
            0.11760666221380234,
            0.17534586787223816,
            0.17284643650054932
        ],
        "17": [
            0.23652984201908112,
            0.11759272962808609,
            0.17533721029758453,
            0.17283211648464203
        ],
        "18": [
            0.23650899529457092,
            0.11757782846689224,
            0.17532838881015778,
            0.17282506823539734
        ],
        "19": [
            0.23650115728378296,
            0.11756366491317749,
            0.17532949149608612,
            0.17281918227672577
        ]
    },
    "SSIM": [
        [
            0.8671060584090908,
            0.6095180266970328,
            0.6589337133584766,
            0.616209330407872
        ],
        [
            0.873578182797122,
            0.628623269774888,
            0.6743964292916422,
            0.6335878961519887
        ],
        [
            0.8757876216933835,
            0.6354002382952907,
            0.680213434739219,
            0.6403067683686173
        ],
        [
            0.8768858365331533,
            0.6390154365052924,
            0.6832819033178013,
            0.6436788894097765
        ],
        [
            0.877508754218256,
            0.6411057882315888,
            0.6850415998451324,
            0.645700198765947
        ],
        [
            0.8779642296776934,
            0.6426299844703203,
            0.6862432449447211,
            0.6471055809861701
        ],
        [
            0.8782848451166179,
            0.6437807033474576,
            0.6870963055179241,
            0.6481487105142849
        ],
        [
            0.8785296247096733,
            0.6446569597112691,
            0.6877786138732784,
            0.6489500239464419
        ],
        [
            0.8787059515681649,
            0.6452957389474204,
            0.6883274465294448,
            0.6495679497358575
        ],
        [
            0.8788459662157696,
            0.6458575235983295,
            0.6887424890285153,
            0.6500698626779062
        ],
        [
            0.8789550089628322,
            0.6462948467027837,
            0.6890978402526493,
            0.6504644202889625
        ],
        [
            0.8790527903352696,
            0.6466777390979714,
            0.6894115812305746,
            0.65085791888936
        ],
        [
            0.8791360385777094,
            0.646956697269468,
            0.6896453463013669,
            0.6510748124621754
        ],
        [
            0.8792341380836625,
            0.6472239290208825,
            0.6898898632286667,
            0.6513791670217931
        ],
        [
            0.8793084865174251,
            0.6474875238701148,
            0.6900373729950574,
            0.6515704558409183
        ],
        [
            0.8793473084162761,
            0.647690242185259,
            0.6901872803891383,
            0.6517503467602215
        ],
        [
            0.879402820815697,
            0.6478668489259977,
            0.6903343144671954,
            0.6519490645275757
        ],
        [
            0.8794503334604851,
            0.6480044566011335,
            0.6904387202782492,
            0.6520767155272391
        ],
        [
            0.8794929388227416,
            0.6481269540526862,
            0.690523627107366,
            0.6522112951374498
        ],
        [
            0.8795148659943212,
            0.6482400250098003,
            0.6905970026959678,
            0.6522737447255456
        ]
    ]
}