{
    "Hyperparamters": {
        "sample_size": [
            80,
            112
        ],
        "in_channels": 4,
        "out_channels": 4,
        "time_embedding_type": "positional",
        "flip_sin_to_cos": true,
        "down_block_types": [
            "DownBlock2D",
            "DownBlock2D",
            "CrossAttnDownBlock2D",
            "CrossAttnDownBlock2D"
        ],
        "up_block_types": [
            "CrossAttnUpBlock2D",
            "CrossAttnUpBlock2D",
            "UpBlock2D",
            "UpBlock2D"
        ],
        "block_out_channels": [
            32,
            64,
            128,
            256
        ],
        "act_fn": "silu",
        "cross_attention_dim": 256,
        "attention_head_dim": 4
    },
    "Relative error": {
        "0": [
            0.24364526569843292,
            0.12437145411968231,
            0.17983964085578918,
            0.17767000198364258
        ],
        "1": [
            0.2400074452161789,
            0.12107337266206741,
            0.17744669318199158,
            0.1751815378665924
        ],
        "2": [
            0.23872636258602142,
            0.1199725940823555,
            0.17655140161514282,
            0.17435809969902039
        ],
        "3": [
            0.23815548419952393,
            0.11941239982843399,
            0.1761748194694519,
            0.1739320158958435
        ],
        "4": [
            0.2376973181962967,
            0.11907820403575897,
            0.17591992020606995,
            0.1736348271369934
        ],
        "5": [
            0.23744460940361023,
            0.11882560700178146,
            0.17575252056121826,
            0.1734800487756729
        ],
        "6": [
            0.2372228503227234,
            0.11866449564695358,
            0.1756332665681839,
            0.173374205827713
        ],
        "7": [
            0.23709626495838165,
            0.11853059381246567,
            0.17555463314056396,
            0.17326699197292328
        ],
        "8": [
            0.23699143528938293,
            0.1184486448764801,
            0.17548194527626038,
            0.173182874917984
        ],
        "9": [
            0.2368970811367035,
            0.11837806552648544,
            0.17543531954288483,
            0.17313112318515778
        ],
        "10": [
            0.23684419691562653,
            0.11830127984285355,
            0.17539945244789124,
            0.17307411134243011
        ],
        "11": [
            0.23677703738212585,
            0.11825556308031082,
            0.17535214126110077,
            0.17303366959095
        ],
        "12": [
            0.23672372102737427,
            0.11822114884853363,
            0.17530597746372223,
            0.17300675809383392
        ],
        "13": [
            0.23666152358055115,
            0.11819106340408325,
            0.17527884244918823,
            0.17296317219734192
        ],
        "14": [
            0.23662069439888,
            0.11816754192113876,
            0.17526355385780334,
            0.1729375422000885
        ],
        "15": [
            0.23659096658229828,
            0.11813978850841522,
            0.17524386942386627,
            0.17291465401649475
        ],
        "16": [
            0.2365495264530182,
            0.11811436712741852,
            0.17522212862968445,
            0.17289382219314575
        ],
        "17": [
            0.23649781942367554,
            0.1180894747376442,
            0.17521369457244873,
            0.17287896573543549
        ],
        "18": [
            0.23645558953285217,
            0.11806609481573105,
            0.1751972734928131,
            0.17285184562206268
        ],
        "19": [
            0.23644137382507324,
            0.11804357171058655,
            0.17518967390060425,
            0.17282846570014954
        ]
    },
    "SSIM": [
        [
            0.8674179878411815,
            0.5937890460200249,
            0.6543694700212748,
            0.6143127095120372
        ],
        [
            0.8747305658298261,
            0.621832363451771,
            0.6735216991760294,
            0.6349377013899616
        ],
        [
            0.8771608616744859,
            0.6322994216553985,
            0.6806709684768898,
            0.642777595367317
        ],
        [
            0.8783852371147083,
            0.6379043975190262,
            0.6844078273408363,
            0.6468089067868191
        ],
        [
            0.8791970007732618,
            0.64131659109885,
            0.6866301055474076,
            0.6491244460322528
        ],
        [
            0.8796873754857747,
            0.6434916372628527,
            0.6882311690832054,
            0.6507986559288601
        ],
        [
            0.8800709827156378,
            0.6450978044685837,
            0.6894483025284421,
            0.6521140284685248
        ],
        [
            0.8803800586842708,
            0.6463921090508988,
            0.6903035101571475,
            0.6529624279476761
        ],
        [
            0.8805743952395165,
            0.6474229271225268,
            0.6910670156809993,
            0.653784474609178
        ],
        [
            0.8807435544748972,
            0.6482049982309251,
            0.6916163593722502,
            0.6543801541350793
        ],
        [
            0.8808745073827826,
            0.648850588613385,
            0.6920995307926757,
            0.6548432892304858
        ],
        [
            0.8810071383412996,
            0.6493296016095673,
            0.6925473765352556,
            0.655337340412276
        ],
        [
            0.8811093050822396,
            0.6497851174662225,
            0.6928783143249173,
            0.655629014681007
        ],
        [
            0.8811850161109456,
            0.6501347774033825,
            0.6931515919441638,
            0.6559043243800001
        ],
        [
            0.8812659216153064,
            0.6504028674517688,
            0.6933211335515296,
            0.6561271577342705
        ],
        [
            0.881342753109511,
            0.6506967079837227,
            0.6935764317944275,
            0.6563627362473983
        ],
        [
            0.8814130983367182,
            0.6510118971261877,
            0.6937388356998735,
            0.6565649986507515
        ],
        [
            0.8814716441450041,
            0.6512473185682234,
            0.6938591252092715,
            0.6567449166217927
        ],
        [
            0.8815271945047384,
            0.6514685676789432,
            0.6940299649162135,
            0.6569211240967692
        ],
        [
            0.8815646228606951,
            0.6516420300075975,
            0.6941434472106962,
            0.657071833425716
        ]
    ]
}