{
    "Hyperparamters": {
        "sample_size": [
            80,
            112
        ],
        "in_channels": 4,
        "out_channels": 4,
        "time_embedding_type": "positional",
        "flip_sin_to_cos": true,
        "down_block_types": [
            "DownBlock2D",
            "DownBlock2D",
            "CrossAttnDownBlock2D",
            "CrossAttnDownBlock2D"
        ],
        "up_block_types": [
            "CrossAttnUpBlock2D",
            "CrossAttnUpBlock2D",
            "UpBlock2D",
            "UpBlock2D"
        ],
        "block_out_channels": [
            32,
            64,
            128,
            256
        ],
        "act_fn": "silu",
        "cross_attention_dim": 256,
        "attention_head_dim": 4
    },
    "Relative error": {
        "0": [
            0.24287191033363342,
            0.1236719861626625,
            0.17973239719867706,
            0.17728160321712494
        ],
        "1": [
            0.23957277834415436,
            0.12077400833368301,
            0.17746974527835846,
            0.17511163651943207
        ],
        "2": [
            0.2384190410375595,
            0.11975407600402832,
            0.1767130047082901,
            0.17430639266967773
        ],
        "3": [
            0.23791591823101044,
            0.11922901123762131,
            0.17634522914886475,
            0.17390044033527374
        ],
        "4": [
            0.23754368722438812,
            0.1189374253153801,
            0.17609764635562897,
            0.17368941009044647
        ],
        "5": [
            0.23728743195533752,
            0.11877714842557907,
            0.1759255826473236,
            0.17348738014698029
        ],
        "6": [
            0.2371405065059662,
            0.11863893270492554,
            0.1757945716381073,
            0.17336955666542053
        ],
        "7": [
            0.2370419055223465,
            0.11851953715085983,
            0.17570893466472626,
            0.17328865826129913
        ],
        "8": [
            0.23693417012691498,
            0.11843279004096985,
            0.17563952505588531,
            0.17320510745048523
        ],
        "9": [
            0.23688159883022308,
            0.11835796386003494,
            0.17558735609054565,
            0.17316007614135742
        ],
        "10": [
            0.23682846128940582,
            0.11830530315637589,
            0.17552104592323303,
            0.1730833649635315
        ],
        "11": [
            0.2367757111787796,
            0.11825861781835556,
            0.17549347877502441,
            0.17304635047912598
        ],
        "12": [
            0.2367420494556427,
            0.11821208149194717,
            0.17546306550502777,
            0.17301231622695923
        ],
        "13": [
            0.23669123649597168,
            0.11817214637994766,
            0.1754220426082611,
            0.172978475689888
        ],
        "14": [
            0.23665039241313934,
            0.11814739555120468,
            0.175411656498909,
            0.17297104001045227
        ],
        "15": [
            0.23659242689609528,
            0.11812522262334824,
            0.1753932237625122,
            0.17294754087924957
        ],
        "16": [
            0.23656044900417328,
            0.11810457706451416,
            0.17537496984004974,
            0.1729266494512558
        ],
        "17": [
            0.23654870688915253,
            0.11809433251619339,
            0.17537561058998108,
            0.17292162775993347
        ],
        "18": [
            0.2365180104970932,
            0.11808473616838455,
            0.17537444829940796,
            0.17290224134922028
        ],
        "19": [
            0.23648855090141296,
            0.11806660890579224,
            0.17535199224948883,
            0.172879159450531
        ]
    },
    "SSIM": [
        [
            0.8690326744859402,
            0.5991121111956746,
            0.6589118091569856,
            0.6185117404547728
        ],
        [
            0.8754604588660687,
            0.6248616544896516,
            0.6764057208323706,
            0.6372955504845325
        ],
        [
            0.8777403438708771,
            0.6343891045976643,
            0.6829318518405401,
            0.6443067161145178
        ],
        [
            0.8788026929690752,
            0.6394569915347271,
            0.6862747186462294,
            0.6478623706726594
        ],
        [
            0.8795205949536817,
            0.6424555872351062,
            0.688347853541203,
            0.6501600798182384
        ],
        [
            0.8799940484530872,
            0.6443871522090298,
            0.689688778351378,
            0.651610303588785
        ],
        [
            0.8802991424521938,
            0.6458454975646533,
            0.6906942773883107,
            0.6526938100375824
        ],
        [
            0.880522516674376,
            0.6470506389923503,
            0.6915494082243553,
            0.6536022183149045
        ],
        [
            0.8807041584775567,
            0.647887734286948,
            0.6921399846346975,
            0.6543379327031121
        ],
        [
            0.8808658897001164,
            0.6486187139395677,
            0.6926927464289017,
            0.6549109379256404
        ],
        [
            0.8809662850583406,
            0.6492304617032535,
            0.6930260327365928,
            0.6553399827542408
        ],
        [
            0.8810634806141764,
            0.6497315055617799,
            0.6933036728922766,
            0.6556780871692909
        ],
        [
            0.8811366127128274,
            0.6501095578386828,
            0.693620409148042,
            0.6560113382848322
        ],
        [
            0.8812243031531721,
            0.6505075948014353,
            0.6938930441625834,
            0.6563123624190186
        ],
        [
            0.8812909383770826,
            0.6508177270748418,
            0.6940783572430391,
            0.6565443555125542
        ],
        [
            0.8813641994506214,
            0.6511097457024011,
            0.6942964354608442,
            0.6567793814286815
        ],
        [
            0.881412406808576,
            0.6513451357584871,
            0.6944862631194214,
            0.6569811539430307
        ],
        [
            0.8814649802487038,
            0.6515371933870323,
            0.6946347048363796,
            0.6571185343982671
        ],
        [
            0.8815083143552466,
            0.65170583320206,
            0.6947467000953544,
            0.65726347445069
        ],
        [
            0.8815486819605294,
            0.6518784681376247,
            0.694872727305634,
            0.6574208542600593
        ]
    ]
}