{
    "Hyperparamters": {
        "sample_size": [
            80,
            112
        ],
        "in_channels": 4,
        "out_channels": 4,
        "time_embedding_type": "positional",
        "flip_sin_to_cos": true,
        "down_block_types": [
            "DownBlock2D",
            "DownBlock2D",
            "CrossAttnDownBlock2D",
            "CrossAttnDownBlock2D"
        ],
        "up_block_types": [
            "CrossAttnUpBlock2D",
            "CrossAttnUpBlock2D",
            "UpBlock2D",
            "UpBlock2D"
        ],
        "block_out_channels": [
            32,
            64,
            128,
            256
        ],
        "act_fn": "silu",
        "cross_attention_dim": 256,
        "attention_head_dim": 4
    },
    "Relative error": {
        "0": [
            0.24282971024513245,
            0.12198783457279205,
            0.1789671629667282,
            0.1762261688709259
        ],
        "1": [
            0.23917554318904877,
            0.11942961812019348,
            0.17663264274597168,
            0.1741069257259369
        ],
        "2": [
            0.23797227442264557,
            0.11863670498132706,
            0.1760571002960205,
            0.17341125011444092
        ],
        "3": [
            0.237225741147995,
            0.11819279193878174,
            0.17569854855537415,
            0.17307135462760925
        ],
        "4": [
            0.23682433366775513,
            0.11792939156293869,
            0.1755087822675705,
            0.1729179471731186
        ],
        "5": [
            0.23651696741580963,
            0.11771757900714874,
            0.1753118634223938,
            0.17271164059638977
        ],
        "6": [
            0.23636344075202942,
            0.11759816855192184,
            0.17519985139369965,
            0.17265088856220245
        ],
        "7": [
            0.23624387383460999,
            0.11753091216087341,
            0.17509587109088898,
            0.17258012294769287
        ],
        "8": [
            0.236136332154274,
            0.11744366586208344,
            0.17505662143230438,
            0.17250747978687286
        ],
        "9": [
            0.23606671392917633,
            0.1173829510807991,
            0.17500992119312286,
            0.17247574031352997
        ],
        "10": [
            0.23601505160331726,
            0.11734267324209213,
            0.17498306930065155,
            0.17244665324687958
        ],
        "11": [
            0.2359662503004074,
            0.11729897558689117,
            0.17495836317539215,
            0.1724308282136917
        ],
        "12": [
            0.23591473698616028,
            0.11727632582187653,
            0.1749313771724701,
            0.17239508032798767
        ],
        "13": [
            0.2358599603176117,
            0.11724323034286499,
            0.17489807307720184,
            0.17236016690731049
        ],
        "14": [
            0.2358189821243286,
            0.1172231137752533,
            0.17486894130706787,
            0.17233982682228088
        ],
        "15": [
            0.23579086363315582,
            0.1171974390745163,
            0.17484170198440552,
            0.17231909930706024
        ],
        "16": [
            0.2357589304447174,
            0.11717957258224487,
            0.17482620477676392,
            0.1722964197397232
        ],
        "17": [
            0.23573480546474457,
            0.1171659454703331,
            0.17480456829071045,
            0.17228180170059204
        ],
        "18": [
            0.23574435710906982,
            0.11715134978294373,
            0.17479562759399414,
            0.17227378487586975
        ],
        "19": [
            0.23573321104049683,
            0.11714650690555573,
            0.17479895055294037,
            0.172262504696846
        ]
    },
    "SSIM": [
        [
            0.868913628684947,
            0.6070287053663139,
            0.6596438817141399,
            0.6200289652418588
        ],
        [
            0.8754264867786988,
            0.6276667398129656,
            0.6753065002353875,
            0.636943996374157
        ],
        [
            0.8776013857621815,
            0.6350439245011713,
            0.6810334804028227,
            0.6431586675596522
        ],
        [
            0.8786786325427625,
            0.6389928717195649,
            0.6838439018453896,
            0.6463612801766593
        ],
        [
            0.8793564293451109,
            0.6415697339052933,
            0.6855704646401424,
            0.6482060518648196
        ],
        [
            0.8798216926349841,
            0.643189351453604,
            0.6867724533651987,
            0.6495134718559962
        ],
        [
            0.8801483021629495,
            0.6443841107089275,
            0.6876050408705506,
            0.6504276795279336
        ],
        [
            0.88038860896701,
            0.6451797558548235,
            0.6882840008913366,
            0.6510670878153285
        ],
        [
            0.8805556048915166,
            0.6459355733758902,
            0.6887550843931418,
            0.6515661497491145
        ],
        [
            0.8807040719994078,
            0.6464761714691907,
            0.689159104269366,
            0.6520608057379451
        ],
        [
            0.8808265439201245,
            0.6469754038710012,
            0.6894661664651704,
            0.6523789158342509
        ],
        [
            0.8809361331273333,
            0.6474046879980646,
            0.6896943065186008,
            0.6526248994354686
        ],
        [
            0.8810083129263366,
            0.6477460786785803,
            0.6899182330837688,
            0.6528668992788275
        ],
        [
            0.8810929913623329,
            0.6480020734537085,
            0.6900975389554317,
            0.6530361229230791
        ],
        [
            0.8811536091864307,
            0.6482247037302216,
            0.6902619068439563,
            0.6532152920948665
        ],
        [
            0.8812133256434538,
            0.648445198558088,
            0.6904502578110858,
            0.6534411785123196
        ],
        [
            0.8812667529972117,
            0.6485939850681274,
            0.6905441268816682,
            0.6535331878822167
        ],
        [
            0.8813082946335421,
            0.6487756874142072,
            0.6906566624814495,
            0.6536693118857345
        ],
        [
            0.8813374376274548,
            0.6489302218793325,
            0.6907801771583046,
            0.6538068563979231
        ],
        [
            0.8813700094228949,
            0.6490392940863958,
            0.6909078180961161,
            0.6539461367783087
        ]
    ]
}