{
    "Hyperparamters": {
        "sample_size": [
            80,
            112
        ],
        "in_channels": 4,
        "out_channels": 4,
        "time_embedding_type": "positional",
        "flip_sin_to_cos": true,
        "down_block_types": [
            "DownBlock2D",
            "DownBlock2D",
            "CrossAttnDownBlock2D",
            "CrossAttnDownBlock2D"
        ],
        "up_block_types": [
            "CrossAttnUpBlock2D",
            "CrossAttnUpBlock2D",
            "UpBlock2D",
            "UpBlock2D"
        ],
        "block_out_channels": [
            32,
            64,
            128,
            256
        ],
        "act_fn": "silu",
        "cross_attention_dim": 256,
        "attention_head_dim": 4
    },
    "Relative error": {
        "0": [
            0.24304233491420746,
            0.12395413964986801,
            0.17969486117362976,
            0.17725466191768646
        ],
        "1": [
            0.23961451649665833,
            0.12092500925064087,
            0.1774122267961502,
            0.175031378865242
        ],
        "2": [
            0.23854029178619385,
            0.11991123110055923,
            0.17664436995983124,
            0.17427754402160645
        ],
        "3": [
            0.23791061341762543,
            0.1193680390715599,
            0.1762840300798416,
            0.17386791110038757
        ],
        "4": [
            0.2375158816576004,
            0.11903393268585205,
            0.17604029178619385,
            0.1736217588186264
        ],
        "5": [
            0.23726056516170502,
            0.1188364326953888,
            0.1758616715669632,
            0.1734672486782074
        ],
        "6": [
            0.23706796765327454,
            0.11868027597665787,
            0.17575855553150177,
            0.1733681708574295
        ],
        "7": [
            0.2369256466627121,
            0.118567556142807,
            0.17566244304180145,
            0.1732550412416458
        ],
        "8": [
            0.23680466413497925,
            0.11847995221614838,
            0.1755962073802948,
            0.17319141328334808
        ],
        "9": [
            0.23676654696464539,
            0.11841009557247162,
            0.1755499392747879,
            0.1731490045785904
        ],
        "10": [
            0.2367253303527832,
            0.11836332082748413,
            0.17552566528320312,
            0.1731249988079071
        ],
        "11": [
            0.23668839037418365,
            0.11831901967525482,
            0.1754969358444214,
            0.17308782041072845
        ],
        "12": [
            0.23666152358055115,
            0.11827925592660904,
            0.17546208202838898,
            0.17305149137973785
        ],
        "13": [
            0.23662948608398438,
            0.11824016273021698,
            0.17544618248939514,
            0.17303921282291412
        ],
        "14": [
            0.2365940362215042,
            0.11820308119058609,
            0.17541830241680145,
            0.1730203777551651
        ],
        "15": [
            0.23657333850860596,
            0.11817187070846558,
            0.1754027158021927,
            0.17301395535469055
        ],
        "16": [
            0.23656193912029266,
            0.11814450472593307,
            0.17538470029830933,
            0.1730044186115265
        ],
        "17": [
            0.2365240603685379,
            0.11812116950750351,
            0.17536011338233948,
            0.17297974228858948
        ],
        "18": [
            0.2365095466375351,
            0.11810570955276489,
            0.17534330487251282,
            0.17295891046524048
        ],
        "19": [
            0.23647701740264893,
            0.118085116147995,
            0.17532509565353394,
            0.17294402420520782
        ]
    },
    "SSIM": [
        [
            0.8686767987783284,
            0.5982774704271226,
            0.6578876666168932,
            0.6175673492941993
        ],
        [
            0.8753715557008517,
            0.6240263149307214,
            0.675864500930566,
            0.6368318982190595
        ],
        [
            0.8776114724460604,
            0.6337607950471635,
            0.6824233338091856,
            0.6439331239511707
        ],
        [
            0.8787398028428229,
            0.6386093419947471,
            0.6858797424635583,
            0.6475817981001476
        ],
        [
            0.8794790804193935,
            0.6417965247054578,
            0.6879705709474742,
            0.6498367395131912
        ],
        [
            0.8799735412145412,
            0.6438212367960541,
            0.6893416672927797,
            0.6513843497106094
        ],
        [
            0.8803485584081994,
            0.6454078683151795,
            0.6903875775934186,
            0.6525108743126126
        ],
        [
            0.8805917167682872,
            0.6467388246333724,
            0.6912592393255524,
            0.6534394238656922
        ],
        [
            0.8807834050500024,
            0.6476755837089797,
            0.6918553323361322,
            0.6541377221717145
        ],
        [
            0.8809038941869128,
            0.6484131985200077,
            0.6923774759040827,
            0.6547285941819265
        ],
        [
            0.8810128049858327,
            0.648974533224239,
            0.6927392479934407,
            0.6551382019453584
        ],
        [
            0.8811067128689861,
            0.6494744766538597,
            0.6931107946719514,
            0.6555212373809306
        ],
        [
            0.8811922869158961,
            0.6499369362246107,
            0.6934294579867369,
            0.6558304671726753
        ],
        [
            0.8812615826075483,
            0.6502403928065756,
            0.693647642703684,
            0.6560734813948184
        ],
        [
            0.8813513658510099,
            0.6505804488264397,
            0.6938753714655201,
            0.6563250646449347
        ],
        [
            0.8814043942576817,
            0.6508253247963877,
            0.6940878099460006,
            0.6565667140853879
        ],
        [
            0.8814510206246904,
            0.6510872447550397,
            0.6943065361486823,
            0.6567930328363805
        ],
        [
            0.8814960349124433,
            0.6513290282289754,
            0.6944948214759924,
            0.6569836336313901
        ],
        [
            0.8815405255838903,
            0.6515175998852742,
            0.6945927140269222,
            0.6571007697095688
        ],
        [
            0.881584240345741,
            0.6516905092387757,
            0.6947174174559329,
            0.6572279994595058
        ]
    ]
}