{
    "Hyperparamters": {
        "sample_size": [
            80,
            112
        ],
        "in_channels": 4,
        "out_channels": 4,
        "time_embedding_type": "positional",
        "flip_sin_to_cos": true,
        "down_block_types": [
            "DownBlock2D",
            "DownBlock2D",
            "CrossAttnDownBlock2D",
            "CrossAttnDownBlock2D"
        ],
        "up_block_types": [
            "CrossAttnUpBlock2D",
            "CrossAttnUpBlock2D",
            "UpBlock2D",
            "UpBlock2D"
        ],
        "block_out_channels": [
            32,
            64,
            128,
            256
        ],
        "act_fn": "silu",
        "cross_attention_dim": 256,
        "attention_head_dim": 4
    },
    "Relative error": {
        "0": [
            0.24325816333293915,
            0.12428759038448334,
            0.17986254394054413,
            0.1774398386478424
        ],
        "1": [
            0.23973298072814941,
            0.12107089161872864,
            0.17738370597362518,
            0.1750994622707367
        ],
        "2": [
            0.23848553001880646,
            0.11997616291046143,
            0.1765960156917572,
            0.17425578832626343
        ],
        "3": [
            0.23789510130882263,
            0.1194358691573143,
            0.17620481550693512,
            0.17384937405586243
        ],
        "4": [
            0.23751065135002136,
            0.1190856397151947,
            0.17596928775310516,
            0.17355284094810486
        ],
        "5": [
            0.23731712996959686,
            0.11885906755924225,
            0.175810307264328,
            0.17338961362838745
        ],
        "6": [
            0.23715856671333313,
            0.11871141940355301,
            0.17569981515407562,
            0.1732703596353531
        ],
        "7": [
            0.2369990348815918,
            0.11859631538391113,
            0.17561374604701996,
            0.17319731414318085
        ],
        "8": [
            0.23689080774784088,
            0.11849967390298843,
            0.17553900182247162,
            0.17313219606876373
        ],
        "9": [
            0.23681393265724182,
            0.11843281239271164,
            0.1755046397447586,
            0.17311178147792816
        ],
        "10": [
            0.23673351109027863,
            0.11838101595640182,
            0.17544648051261902,
            0.17306317389011383
        ],
        "11": [
            0.23667091131210327,
            0.11832905560731888,
            0.17542089521884918,
            0.17302586138248444
        ],
        "12": [
            0.23662219941616058,
            0.11827947944402695,
            0.17538252472877502,
            0.17297783493995667
        ],
        "13": [
            0.23658187687397003,
            0.11824332177639008,
            0.17535963654518127,
            0.17294363677501678
        ],
        "14": [
            0.2365487664937973,
            0.11821132898330688,
            0.17535072565078735,
            0.17292700707912445
        ],
        "15": [
            0.23651449382305145,
            0.11818602681159973,
            0.17534273862838745,
            0.17291668057441711
        ],
        "16": [
            0.23649096488952637,
            0.1181616485118866,
            0.17531681060791016,
            0.1729007363319397
        ],
        "17": [
            0.23645415902137756,
            0.11813191324472427,
            0.17529647052288055,
            0.17288286983966827
        ],
        "18": [
            0.23643046617507935,
            0.11811301857233047,
            0.17527323961257935,
            0.1728764772415161
        ],
        "19": [
            0.23640647530555725,
            0.11809542030096054,
            0.175259068608284,
            0.1728697568178177
        ]
    },
    "SSIM": [
        [
            0.8680992805272049,
            0.5966832947723221,
            0.6563866797773655,
            0.6159504660455377
        ],
        [
            0.8752123564101806,
            0.6232422028911492,
            0.6748315427560091,
            0.6358268597886273
        ],
        [
            0.8775489562441854,
            0.6332033767106021,
            0.6815997239895786,
            0.6431454208838056
        ],
        [
            0.8787160775848568,
            0.6384828483036854,
            0.6853400465105512,
            0.6471479959726179
        ],
        [
            0.8794586755023279,
            0.6418284285878044,
            0.6876812862357791,
            0.6496996863578818
        ],
        [
            0.8799335589722183,
            0.6439982381641581,
            0.6890985371166964,
            0.6511882136042259
        ],
        [
            0.8802534046696652,
            0.6455238156683519,
            0.6901069565006563,
            0.6522956944722126
        ],
        [
            0.8804982537254799,
            0.6466500521913487,
            0.6908688562437706,
            0.6531865381212133
        ],
        [
            0.8807004048108813,
            0.6476227156615024,
            0.6915208530680836,
            0.6539068299748386
        ],
        [
            0.8808904030766269,
            0.6483777291293613,
            0.6920378826194963,
            0.6545116856476672
        ],
        [
            0.8810254792111312,
            0.6490159488411907,
            0.6924728794184581,
            0.654987757411453
        ],
        [
            0.881142880104031,
            0.649495993336703,
            0.6928060279785063,
            0.6553918160223327
        ],
        [
            0.8812368942186486,
            0.6499918763820504,
            0.6931489441869104,
            0.6557435168869656
        ],
        [
            0.8813208166835594,
            0.6503528877414597,
            0.6934260103766527,
            0.6560080225382527
        ],
        [
            0.8813806159298064,
            0.6506956594195461,
            0.6936375588062561,
            0.6562572808512561
        ],
        [
            0.8814408386593512,
            0.650996352951474,
            0.6938528367054327,
            0.6565023486823217
        ],
        [
            0.8814990492095912,
            0.6512493012507419,
            0.6939654109078708,
            0.656601087056535
        ],
        [
            0.8815548548792342,
            0.6514516208803925,
            0.6941075658184601,
            0.6567391608530456
        ],
        [
            0.8816006124980977,
            0.6516586919431724,
            0.6942842608136202,
            0.6569482368732763
        ],
        [
            0.8816395786589623,
            0.6518528064625381,
            0.6943677084352159,
            0.6570494100879801
        ]
    ]
}