{
    "Hyperparamters": {
        "sample_size": [
            80,
            112
        ],
        "in_channels": 4,
        "out_channels": 4,
        "time_embedding_type": "positional",
        "flip_sin_to_cos": true,
        "down_block_types": [
            "DownBlock2D",
            "DownBlock2D",
            "CrossAttnDownBlock2D",
            "CrossAttnDownBlock2D"
        ],
        "up_block_types": [
            "CrossAttnUpBlock2D",
            "CrossAttnUpBlock2D",
            "UpBlock2D",
            "UpBlock2D"
        ],
        "block_out_channels": [
            32,
            64,
            128,
            256
        ],
        "act_fn": "silu",
        "cross_attention_dim": 256,
        "attention_head_dim": 4
    },
    "Relative error": {
        "0": [
            0.23825031518936157,
            0.12003721296787262,
            0.17625047266483307,
            0.17413918673992157
        ],
        "1": [
            0.23811301589012146,
            0.11989551037549973,
            0.17609953880310059,
            0.1739596277475357
        ],
        "2": [
            0.23806758224964142,
            0.11984489858150482,
            0.17605027556419373,
            0.17389854788780212
        ],
        "3": [
            0.23804166913032532,
            0.119822658598423,
            0.17602626979351044,
            0.17387382686138153
        ],
        "4": [
            0.23802520334720612,
            0.11980827152729034,
            0.17601032555103302,
            0.17385606467723846
        ],
        "5": [
            0.23801499605178833,
            0.11979866027832031,
            0.17599989473819733,
            0.17384518682956696
        ],
        "6": [
            0.23800796270370483,
            0.11979107558727264,
            0.17599239945411682,
            0.17383888363838196
        ],
        "7": [
            0.2380048632621765,
            0.1197853609919548,
            0.1759880781173706,
            0.1738336682319641
        ],
        "8": [
            0.23800250887870789,
            0.11978092044591904,
            0.17598462104797363,
            0.1738291233778
        ],
        "9": [
            0.23800036311149597,
            0.11977793276309967,
            0.17598126828670502,
            0.17382508516311646
        ],
        "10": [
            0.23799771070480347,
            0.1197751834988594,
            0.17597858607769012,
            0.17382070422172546
        ],
        "11": [
            0.2379959374666214,
            0.11977268755435944,
            0.17597661912441254,
            0.17381860315799713
        ],
        "12": [
            0.23799335956573486,
            0.11976995319128036,
            0.17597472667694092,
            0.17381712794303894
        ],
        "13": [
            0.23799137771129608,
            0.11976870149374008,
            0.17597275972366333,
            0.1738143265247345
        ],
        "14": [
            0.23798921704292297,
            0.11976733803749084,
            0.17597177624702454,
            0.1738133281469345
        ],
        "15": [
            0.23798847198486328,
            0.11976609379053116,
            0.17597021162509918,
            0.17381137609481812
        ],
        "16": [
            0.2379874885082245,
            0.11976511776447296,
            0.17596930265426636,
            0.1738104373216629
        ],
        "17": [
            0.23798726499080658,
            0.11976421624422073,
            0.1759679913520813,
            0.1738094538450241
        ],
        "18": [
            0.23798587918281555,
            0.11976336687803268,
            0.175967276096344,
            0.1738087385892868
        ],
        "19": [
            0.237984761595726,
            0.11976320296525955,
            0.17596647143363953,
            0.1738072633743286
        ]
    },
    "SSIM": [
        [
            0.8730205356164233,
            0.6325258629922496,
            0.676218696947138,
            0.6345656152141309
        ],
        [
            0.8737201440528972,
            0.6355356020697674,
            0.6795679145804875,
            0.6389959646569339
        ],
        [
            0.8739519076244138,
            0.6365494299202316,
            0.6807406350884793,
            0.6405234074289663
        ],
        [
            0.8740728815915537,
            0.6370587382410032,
            0.6813670449545575,
            0.6412690028982713
        ],
        [
            0.8741423942316887,
            0.6373820404419789,
            0.6817152643180412,
            0.6417587743742647
        ],
        [
            0.8741896665066815,
            0.6375741013845266,
            0.6819481249995549,
            0.6420300467557543
        ],
        [
            0.8742218178343185,
            0.6377255101322968,
            0.6821190293807968,
            0.642236123004226
        ],
        [
            0.8742453394159899,
            0.6378446343464371,
            0.6822458005742084,
            0.6423797851548811
        ],
        [
            0.8742660885611253,
            0.6379382712773086,
            0.6823437278409207,
            0.6425066755821041
        ],
        [
            0.8742795036798866,
            0.6380100847203161,
            0.6824183423691779,
            0.6425938648015839
        ],
        [
            0.8742938089430405,
            0.6380696948853041,
            0.6824792402862133,
            0.6426844939603138
        ],
        [
            0.8743047599992482,
            0.638119669612766,
            0.6825384634714673,
            0.642747217320771
        ],
        [
            0.8743129669462473,
            0.6381658448657188,
            0.6825860498086728,
            0.642814854400988
        ],
        [
            0.8743201616448378,
            0.6381980677358718,
            0.6826177377550467,
            0.6428755984040077
        ],
        [
            0.8743269040112878,
            0.6382278033338065,
            0.682657934056014,
            0.642916655717208
        ],
        [
            0.8743319164229365,
            0.638257368384019,
            0.6826866496104969,
            0.6429645794102967
        ],
        [
            0.8743370121705761,
            0.638278443687489,
            0.6827186471909954,
            0.6429987754506885
        ],
        [
            0.8743405388057385,
            0.6382946185002889,
            0.6827400519433201,
            0.6430274363093956
        ],
        [
            0.8743436088834053,
            0.6383155617820104,
            0.6827653224324962,
            0.6430518802739795
        ],
        [
            0.8743471102510603,
            0.6383284372193085,
            0.6827882383044666,
            0.643080770734276
        ]
    ]
}