{
    "Hyperparamters": {
        "sample_size": [
            80,
            112
        ],
        "in_channels": 4,
        "out_channels": 4,
        "time_embedding_type": "positional",
        "flip_sin_to_cos": true,
        "down_block_types": [
            "DownBlock2D",
            "DownBlock2D",
            "CrossAttnDownBlock2D",
            "CrossAttnDownBlock2D"
        ],
        "up_block_types": [
            "CrossAttnUpBlock2D",
            "CrossAttnUpBlock2D",
            "UpBlock2D",
            "UpBlock2D"
        ],
        "block_out_channels": [
            32,
            64,
            128,
            256
        ],
        "act_fn": "silu",
        "cross_attention_dim": 256,
        "attention_head_dim": 4
    },
    "Relative error": {
        "0": [
            0.2441857010126114,
            0.12466363608837128,
            0.180219367146492,
            0.177876815199852
        ],
        "1": [
            0.240279421210289,
            0.12133479118347168,
            0.1774166375398636,
            0.1750578135251999
        ],
        "2": [
            0.2388780564069748,
            0.12010274082422256,
            0.176565483212471,
            0.1743101328611374
        ],
        "3": [
            0.23814760148525238,
            0.11950590461492538,
            0.17619352042675018,
            0.17386019229888916
        ],
        "4": [
            0.23773843050003052,
            0.11916600912809372,
            0.17598970234394073,
            0.17359618842601776
        ],
        "5": [
            0.2373744547367096,
            0.11893131583929062,
            0.17580093443393707,
            0.17340360581874847
        ],
        "6": [
            0.23719428479671478,
            0.11874141544103622,
            0.17568065226078033,
            0.17326310276985168
        ],
        "7": [
            0.2370372712612152,
            0.11861825734376907,
            0.17555513978004456,
            0.1731565147638321
        ],
        "8": [
            0.23692913353443146,
            0.11851055920124054,
            0.1754700094461441,
            0.17306801676750183
        ],
        "9": [
            0.2368428260087967,
            0.11843077838420868,
            0.17541220784187317,
            0.17299675941467285
        ],
        "10": [
            0.23677438497543335,
            0.11836723983287811,
            0.1753513365983963,
            0.17294444143772125
        ],
        "11": [
            0.23671288788318634,
            0.11831183731555939,
            0.17530541121959686,
            0.172912135720253
        ],
        "12": [
            0.23665142059326172,
            0.11827845126390457,
            0.17527244985103607,
            0.17287735641002655
        ],
        "13": [
            0.23658165335655212,
            0.11823678761720657,
            0.17524656653404236,
            0.17285151779651642
        ],
        "14": [
            0.23655365407466888,
            0.11820633709430695,
            0.17521639168262482,
            0.1728203147649765
        ],
        "15": [
            0.23651549220085144,
            0.11816853284835815,
            0.1751946061849594,
            0.17280104756355286
        ],
        "16": [
            0.23649609088897705,
            0.11813337355852127,
            0.1751726120710373,
            0.17277877032756805
        ],
        "17": [
            0.23647719621658325,
            0.11810985952615738,
            0.1751570850610733,
            0.17276249825954437
        ],
        "18": [
            0.23645532131195068,
            0.11808380484580994,
            0.17515252530574799,
            0.17275932431221008
        ],
        "19": [
            0.2364286184310913,
            0.11806343495845795,
            0.1751396209001541,
            0.17274993658065796
        ]
    },
    "SSIM": [
        [
            0.8668460504830616,
            0.5926876693580845,
            0.6529298475200486,
            0.6128152212822141
        ],
        [
            0.8744280819855029,
            0.6212436669528686,
            0.6725690076796975,
            0.6339677820332759
        ],
        [
            0.876982117499629,
            0.6318227491235441,
            0.6797064693703855,
            0.6418245181558956
        ],
        [
            0.87832025799634,
            0.6375512341845895,
            0.6835684207024788,
            0.6459527514633132
        ],
        [
            0.8791477686060837,
            0.6410038385371521,
            0.6859128650767942,
            0.6485600795713147
        ],
        [
            0.8797305874416006,
            0.6432995962956379,
            0.68755737448753,
            0.6504004797508481
        ],
        [
            0.8801007613226787,
            0.6448649913123389,
            0.688705113169241,
            0.651593729244037
        ],
        [
            0.8803957766404138,
            0.6461898249143163,
            0.689657890598325,
            0.6526759255583516
        ],
        [
            0.8806409734274822,
            0.6472157346464734,
            0.690333088647953,
            0.6534187774521515
        ],
        [
            0.8808103951064277,
            0.648052082172392,
            0.6908460607584321,
            0.6540032521620707
        ],
        [
            0.8809552656741358,
            0.6486479499176845,
            0.6912776833466953,
            0.6545239795954382
        ],
        [
            0.8810697915167445,
            0.6492363009238633,
            0.6916489605008619,
            0.6549375995232782
        ],
        [
            0.8811705639366763,
            0.6496965719365441,
            0.6919309933938588,
            0.6552132692366932
        ],
        [
            0.8812720097440533,
            0.6500853095806504,
            0.692238272704962,
            0.6555376265527988
        ],
        [
            0.8813265259220548,
            0.6504230654673256,
            0.6924858002899422,
            0.655815881272768
        ],
        [
            0.8813952202273662,
            0.6507423196444361,
            0.6926875671234545,
            0.6560011417124703
        ],
        [
            0.8814474313500048,
            0.6509897816737283,
            0.6928364429148612,
            0.6561513399720382
        ],
        [
            0.8815021650498505,
            0.6512203652948849,
            0.6930029304825545,
            0.6563539531446544
        ],
        [
            0.8815444732783555,
            0.6514750602264807,
            0.6931676868605606,
            0.6565087507629604
        ],
        [
            0.8815899728128791,
            0.6516259621437118,
            0.6932929191582654,
            0.6566576166046217
        ]
    ]
}