{
    "Hyperparamters": {
        "sample_size": [
            80,
            112
        ],
        "in_channels": 4,
        "out_channels": 4,
        "time_embedding_type": "positional",
        "flip_sin_to_cos": true,
        "down_block_types": [
            "DownBlock2D",
            "DownBlock2D",
            "CrossAttnDownBlock2D",
            "CrossAttnDownBlock2D"
        ],
        "up_block_types": [
            "CrossAttnUpBlock2D",
            "CrossAttnUpBlock2D",
            "UpBlock2D",
            "UpBlock2D"
        ],
        "block_out_channels": [
            32,
            64,
            128,
            256
        ],
        "act_fn": "silu",
        "cross_attention_dim": 256,
        "attention_head_dim": 4
    },
    "Relative error": {
        "0": [
            0.243453249335289,
            0.12371567636728287,
            0.17931920289993286,
            0.17697103321552277
        ],
        "1": [
            0.23942974209785461,
            0.12093019485473633,
            0.17693965137004852,
            0.17456965148448944
        ],
        "2": [
            0.2380995899438858,
            0.11992284655570984,
            0.17622750997543335,
            0.17376133799552917
        ],
        "3": [
            0.23744139075279236,
            0.11941218376159668,
            0.17581787705421448,
            0.17338229715824127
        ],
        "4": [
            0.2370065450668335,
            0.11904702335596085,
            0.17554861307144165,
            0.17307567596435547
        ],
        "5": [
            0.23672612011432648,
            0.11885669827461243,
            0.1753649264574051,
            0.1728929579257965
        ],
        "6": [
            0.23654232919216156,
            0.11870096623897552,
            0.17518627643585205,
            0.1727425754070282
        ],
        "7": [
            0.23641949892044067,
            0.11858492344617844,
            0.17506389319896698,
            0.1726524978876114
        ],
        "8": [
            0.23629404604434967,
            0.1185099184513092,
            0.1750086545944214,
            0.17257896065711975
        ],
        "9": [
            0.23620817065238953,
            0.11844392120838165,
            0.17496514320373535,
            0.1725354939699173
        ],
        "10": [
            0.23612862825393677,
            0.11837529391050339,
            0.17492325603961945,
            0.17249681055545807
        ],
        "11": [
            0.23604415357112885,
            0.11831935495138168,
            0.17489127814769745,
            0.17246995866298676
        ],
        "12": [
            0.23598173260688782,
            0.11828180402517319,
            0.17486146092414856,
            0.1724412590265274
        ],
        "13": [
            0.23597382009029388,
            0.1182466596364975,
            0.1748383790254593,
            0.17243850231170654
        ],
        "14": [
            0.23593638837337494,
            0.11820434033870697,
            0.17479301989078522,
            0.17241060733795166
        ],
        "15": [
            0.2359100729227066,
            0.11817021667957306,
            0.1747736632823944,
            0.17238661646842957
        ],
        "16": [
            0.2358754277229309,
            0.11814113706350327,
            0.17476540803909302,
            0.17237599194049835
        ],
        "17": [
            0.2358371466398239,
            0.11811839789152145,
            0.1747528612613678,
            0.17236168682575226
        ],
        "18": [
            0.23580968379974365,
            0.11809848248958588,
            0.17474544048309326,
            0.172340989112854
        ],
        "19": [
            0.23578405380249023,
            0.11807146668434143,
            0.17473264038562775,
            0.17232930660247803
        ]
    },
    "SSIM": [
        [
            0.86759488334117,
            0.5994453104040084,
            0.6533098650555147,
            0.6143610625473241
        ],
        [
            0.8747842252077623,
            0.6235983299231432,
            0.6710408485828733,
            0.6334706715161714
        ],
        [
            0.8771806016321462,
            0.632907867873975,
            0.6774552141831134,
            0.6403822496566073
        ],
        [
            0.8784061992056447,
            0.6377092409853363,
            0.6807565653807266,
            0.6440337081394155
        ],
        [
            0.8791816281137995,
            0.6407335808836949,
            0.6828927523428975,
            0.6463952044411986
        ],
        [
            0.8797023306893295,
            0.6426809863550689,
            0.6841174224909355,
            0.6477002984355056
        ],
        [
            0.8800606480343544,
            0.6442188163395056,
            0.6852628691495285,
            0.6489207469647605
        ],
        [
            0.8802807991396345,
            0.6453319458106883,
            0.6860526122448463,
            0.649785037074671
        ],
        [
            0.8804876707840356,
            0.646230524099271,
            0.6866755118965291,
            0.6504525656857367
        ],
        [
            0.880669396447801,
            0.6468873684441911,
            0.6870714079444772,
            0.6509183667619394
        ],
        [
            0.8808142085436159,
            0.6474711160433279,
            0.6875018615120009,
            0.6513633985227568
        ],
        [
            0.8809816530488301,
            0.6480052407068144,
            0.6878299361860817,
            0.65172183074179
        ],
        [
            0.8810968615780417,
            0.6483994803849449,
            0.6881234686262844,
            0.6520421503043926
        ],
        [
            0.8811650269173653,
            0.6487737159591752,
            0.6883990274397246,
            0.6522947338421832
        ],
        [
            0.8812485895677369,
            0.6491278493745691,
            0.6886539912168139,
            0.65257767278545
        ],
        [
            0.8813176618085079,
            0.6493956753916301,
            0.6887488236808902,
            0.6527142381892382
        ],
        [
            0.8813621270010832,
            0.649596670592988,
            0.6888984460807831,
            0.6529057490227764
        ],
        [
            0.8814190737940936,
            0.6498454744009166,
            0.6890410696965074,
            0.6530702972642976
        ],
        [
            0.8814763404288509,
            0.6499992212145539,
            0.6891545723442857,
            0.6531851732418315
        ],
        [
            0.881529550644431,
            0.6501761729391348,
            0.6892759992818818,
            0.6533023280631329
        ]
    ]
}