{
    "Hyperparamters": {
        "sample_size": [
            80,
            112
        ],
        "in_channels": 4,
        "out_channels": 4,
        "time_embedding_type": "positional",
        "flip_sin_to_cos": true,
        "down_block_types": [
            "DownBlock2D",
            "DownBlock2D",
            "CrossAttnDownBlock2D",
            "CrossAttnDownBlock2D"
        ],
        "up_block_types": [
            "CrossAttnUpBlock2D",
            "CrossAttnUpBlock2D",
            "UpBlock2D",
            "UpBlock2D"
        ],
        "block_out_channels": [
            32,
            64,
            128,
            256
        ],
        "act_fn": "silu",
        "cross_attention_dim": 256,
        "attention_head_dim": 4
    },
    "Relative error": {
        "0": [
            0.2441256046295166,
            0.124452143907547,
            0.18027850985527039,
            0.17790596187114716
        ],
        "1": [
            0.23986436426639557,
            0.12105520069599152,
            0.17741768062114716,
            0.17501536011695862
        ],
        "2": [
            0.2385154366493225,
            0.11989832669496536,
            0.17654216289520264,
            0.17423613369464874
        ],
        "3": [
            0.23776540160179138,
            0.11928477883338928,
            0.1760222315788269,
            0.17376123368740082
        ],
        "4": [
            0.23735062777996063,
            0.11893941462039948,
            0.17575235664844513,
            0.17345558106899261
        ],
        "5": [
            0.2370496541261673,
            0.11871355772018433,
            0.1755477637052536,
            0.1732778400182724
        ],
        "6": [
            0.23688212037086487,
            0.11853453516960144,
            0.17540377378463745,
            0.17312730848789215
        ],
        "7": [
            0.2367061972618103,
            0.1183917373418808,
            0.1753009855747223,
            0.17300361394882202
        ],
        "8": [
            0.23662801086902618,
            0.11829540133476257,
            0.17524594068527222,
            0.1729128658771515
        ],
        "9": [
            0.2365349680185318,
            0.11821006238460541,
            0.17516788840293884,
            0.17287665605545044
        ],
        "10": [
            0.23644894361495972,
            0.1181282103061676,
            0.17512056231498718,
            0.17281877994537354
        ],
        "11": [
            0.2363828867673874,
            0.11808328330516815,
            0.1750762164592743,
            0.17277243733406067
        ],
        "12": [
            0.2363177090883255,
            0.11803971976041794,
            0.17503376305103302,
            0.17272236943244934
        ],
        "13": [
            0.23626555502414703,
            0.11800666898488998,
            0.17501802742481232,
            0.17270392179489136
        ],
        "14": [
            0.2362162470817566,
            0.11796791851520538,
            0.17497386038303375,
            0.1726708859205246
        ],
        "15": [
            0.23617814481258392,
            0.11793039739131927,
            0.1749451458454132,
            0.1726490706205368
        ],
        "16": [
            0.2361641824245453,
            0.11789853125810623,
            0.17491672933101654,
            0.17263154685497284
        ],
        "17": [
            0.23613178730010986,
            0.11786956340074539,
            0.17490482330322266,
            0.17261750996112823
        ],
        "18": [
            0.2361072450876236,
            0.11785168945789337,
            0.17489273846149445,
            0.17261278629302979
        ],
        "19": [
            0.23607446253299713,
            0.11783364415168762,
            0.17488397657871246,
            0.17259053885936737
        ]
    },
    "SSIM": [
        [
            0.8667722605748718,
            0.5930135675196976,
            0.6512831611259021,
            0.6114767961955748
        ],
        [
            0.8747460610657903,
            0.621071973267571,
            0.6717657778293947,
            0.6333875104371277
        ],
        [
            0.87731535675002,
            0.6317118906433127,
            0.6785392807679234,
            0.6410043868582269
        ],
        [
            0.8785862365683842,
            0.6370097812890338,
            0.6824289562176438,
            0.6452360230887701
        ],
        [
            0.8793613129984322,
            0.6405534080546759,
            0.6846964488299753,
            0.647753251582419
        ],
        [
            0.8799284436825482,
            0.6429419706690485,
            0.6863157140507902,
            0.6495115753812245
        ],
        [
            0.8802911724531668,
            0.6445868550318821,
            0.6874956999044481,
            0.6507837221400112
        ],
        [
            0.8805594744963299,
            0.6458562159034931,
            0.6882895827603935,
            0.6516497229131665
        ],
        [
            0.8807814379311051,
            0.646831120559517,
            0.6889517243437218,
            0.6523230934690468
        ],
        [
            0.880974005253574,
            0.6476198819969461,
            0.6895490126136045,
            0.6529629619083407
        ],
        [
            0.8811309361931063,
            0.6483098461219423,
            0.6899941278886723,
            0.6534082981628325
        ],
        [
            0.8812532785703249,
            0.6489023945360538,
            0.690352930106554,
            0.6538252671653177
        ],
        [
            0.8813860862628914,
            0.6493040618765125,
            0.6906537864789778,
            0.6541612795552462
        ],
        [
            0.8814766721098406,
            0.649712162381215,
            0.6909210013093082,
            0.6544422096244792
        ],
        [
            0.8815583744245593,
            0.6500315055520784,
            0.6912050175499639,
            0.6547298319609249
        ],
        [
            0.881628400530611,
            0.6503505006399599,
            0.6914174998642216,
            0.654962745401792
        ],
        [
            0.8816757018232537,
            0.6506308919874687,
            0.6915922268602309,
            0.6551470400743915
        ],
        [
            0.8817210083960539,
            0.6508296262960627,
            0.6917161411518519,
            0.6552835946974561
        ],
        [
            0.8817633526452164,
            0.6510817796170649,
            0.6918659978616417,
            0.6554518417402115
        ],
        [
            0.8818122491942278,
            0.6512871838311067,
            0.6919929255305511,
            0.6555750117125412
        ]
    ]
}