{
    "Hyperparamters": {
        "sample_size": [
            80,
            112
        ],
        "in_channels": 4,
        "out_channels": 4,
        "time_embedding_type": "positional",
        "flip_sin_to_cos": true,
        "down_block_types": [
            "DownBlock2D",
            "DownBlock2D",
            "CrossAttnDownBlock2D",
            "CrossAttnDownBlock2D"
        ],
        "up_block_types": [
            "CrossAttnUpBlock2D",
            "CrossAttnUpBlock2D",
            "UpBlock2D",
            "UpBlock2D"
        ],
        "block_out_channels": [
            32,
            64,
            128,
            256
        ],
        "act_fn": "silu",
        "cross_attention_dim": 256,
        "attention_head_dim": 4
    },
    "Relative error": {
        "0": [
            0.24328093230724335,
            0.12381187826395035,
            0.17952586710453033,
            0.17692846059799194
        ],
        "1": [
            0.23934319615364075,
            0.1208261251449585,
            0.17713047564029694,
            0.17455214262008667
        ],
        "2": [
            0.23808157444000244,
            0.11976583302021027,
            0.17627741396427155,
            0.17372366786003113
        ],
        "3": [
            0.23747719824314117,
            0.1192954033613205,
            0.17582085728645325,
            0.17328570783138275
        ],
        "4": [
            0.23704922199249268,
            0.11898863315582275,
            0.17550942301750183,
            0.17301243543624878
        ],
        "5": [
            0.23680460453033447,
            0.1187807098031044,
            0.17533168196678162,
            0.17284701764583588
        ],
        "6": [
            0.2366105616092682,
            0.11862833052873611,
            0.17520436644554138,
            0.172742560505867
        ],
        "7": [
            0.23643043637275696,
            0.11851058900356293,
            0.1750992089509964,
            0.1726268082857132
        ],
        "8": [
            0.2363060712814331,
            0.11843592673540115,
            0.1750594973564148,
            0.17259624600410461
        ],
        "9": [
            0.23621335625648499,
            0.11836288869380951,
            0.17498458921909332,
            0.1725335270166397
        ],
        "10": [
            0.23614148795604706,
            0.11831881105899811,
            0.17494270205497742,
            0.17250797152519226
        ],
        "11": [
            0.2360534816980362,
            0.11828078329563141,
            0.1749224215745926,
            0.1724707931280136
        ],
        "12": [
            0.23601044714450836,
            0.11822765320539474,
            0.17488765716552734,
            0.17245011031627655
        ],
        "13": [
            0.2359749972820282,
            0.11819647997617722,
            0.17484939098358154,
            0.1724095344543457
        ],
        "14": [
            0.23593024909496307,
            0.11817079782485962,
            0.1748356819152832,
            0.1723935306072235
        ],
        "15": [
            0.23589052259922028,
            0.11814302206039429,
            0.17481955885887146,
            0.17237727344036102
        ],
        "16": [
            0.23586231470108032,
            0.11812765151262283,
            0.17481578886508942,
            0.17237824201583862
        ],
        "17": [
            0.23584480583667755,
            0.11810417473316193,
            0.17479772865772247,
            0.17236191034317017
        ],
        "18": [
            0.23581843078136444,
            0.1180925965309143,
            0.17477786540985107,
            0.17233794927597046
        ],
        "19": [
            0.23581622540950775,
            0.11808129400014877,
            0.17476560175418854,
            0.1723175197839737
        ]
    },
    "SSIM": [
        [
            0.8677386344654819,
            0.5987587362603308,
            0.6537248861001866,
            0.6147956186623529
        ],
        [
            0.8749101543179605,
            0.6238982556068162,
            0.6710968207508213,
            0.6333625171974135
        ],
        [
            0.8772924930500484,
            0.633213613263973,
            0.6776479817091284,
            0.640543395465159
        ],
        [
            0.8785319730721111,
            0.6379447242342428,
            0.6809577273671121,
            0.644207716383766
        ],
        [
            0.8792397611674061,
            0.6407785560770827,
            0.6830790363632443,
            0.6464395602365521
        ],
        [
            0.8797860493150398,
            0.6427752372188091,
            0.6845037485625961,
            0.6479900196738998
        ],
        [
            0.880131980164095,
            0.644299617755954,
            0.6856047531945123,
            0.6492014731984094
        ],
        [
            0.8804192295762521,
            0.6452907773439024,
            0.686415690976247,
            0.6500866486155448
        ],
        [
            0.8806470051257859,
            0.6461529053381642,
            0.6868877525733459,
            0.6506488821054167
        ],
        [
            0.8808035906714167,
            0.6467871406936045,
            0.6873887801143229,
            0.651183423816444
        ],
        [
            0.8809374080652603,
            0.6473640743841591,
            0.6877563235443473,
            0.6516055080954326
        ],
        [
            0.8810424292284503,
            0.6478548936978499,
            0.6880766732756907,
            0.6519611041283209
        ],
        [
            0.8811327302922102,
            0.648290728190814,
            0.6884097170333944,
            0.6522857090031664
        ],
        [
            0.8812289269554193,
            0.6486751827536376,
            0.6886532027265097,
            0.6525835903585825
        ],
        [
            0.8812817661957658,
            0.6489477000550602,
            0.6888368776910619,
            0.6528046298519421
        ],
        [
            0.8813462411428796,
            0.6492018053588813,
            0.6889642922360736,
            0.652953584570155
        ],
        [
            0.881404276031795,
            0.649404309030913,
            0.689095281415628,
            0.6531198453793384
        ],
        [
            0.8814392228441034,
            0.6495919025503308,
            0.6892155296899248,
            0.6532537154886235
        ],
        [
            0.8814845694880555,
            0.6497598074268437,
            0.6893431247327549,
            0.6533902995709615
        ],
        [
            0.8815256754674443,
            0.6499504028513224,
            0.6894475399460146,
            0.6535108377049714
        ]
    ]
}